CREATE TABLE users (
    user_id INT PRIMARY KEY,
    signup_date DATE,
    phone_number VARCHAR(15)
);

CREATE TABLE devices (
    device_log_id INT PRIMARY KEY,
    user_id INT,
    device_id VARCHAR(50),
    ip_address VARCHAR(20),
    login_timestamp DATETIME
);

CREATE TABLE orders (
    order_id INT PRIMARY KEY,
    user_id INT,
    order_date DATE,
    order_value DECIMAL(10,2),
    promo_code VARCHAR(20),
    discount_applied DECIMAL(10,2)
);

INSERT INTO users (user_id, signup_date, phone_number) VALUES
(101, '2026-02-01', '9999999901'), 
(102, '2026-02-02', '9999999902'),
(103, '2026-02-02', '9999999903'), 
(104, '2026-02-03', '9999999904'),
(105, '2026-02-03', '9999999905'),
(106, '2026-02-04', '9999999906'),
(107, '2026-02-05', '9999999907'), 
(108, '2026-02-05', '9999999908'),
(109, '2026-02-06', '9999999909'), 
(110, '2026-02-07', '9999999910'),
(111, '2026-02-07', '9999999911'), 
(112, '2026-02-07', '9999999912'),
(113, '2026-02-08', '9999999913'), 
(114, '2026-02-09', '9999999914'),
(115, '2026-02-10', '9999999915'), 
(116, '2026-02-11', '9999999916'),
(117, '2026-02-12', '9999999917'), 
(118, '2026-02-13', '9999999918'),
(119, '2026-02-14', '9999999919'), 
(120, '2026-02-15', '9999999920'),
(121, '2026-02-16', '9999999921'), 
(122, '2026-02-17', '9999999922'),
(123, '2026-02-18', '9999999923'), 
(124, '2026-02-19', '9999999924'),
(125, '2026-02-20', '9999999925'), 
(126, '2026-02-21', '9999999926'),
(127, '2026-02-22', '9999999927'), 
(128, '2026-02-23', '9999999928'),
(129, '2026-02-24', '9999999929'), 
(130, '2026-02-25', '9999999930'),
(131, '2026-02-26', '9999999931'), 
(132, '2026-02-26', '9999999932'),
(133, '2026-02-27', '9999999933'), 
(134, '2026-02-27', '9999999934'),
(135, '2026-02-27', '9999999935');


INSERT INTO devices (device_log_id, user_id, device_id, ip_address, login_timestamp) VALUES
(1, 101, 'DEV_001', '192.168.1.1', '2026-02-01 10:00:00'),
(2, 102, 'DEV_001', '192.168.1.1', '2026-02-02 14:30:00'),
(3, 103, 'DEV_001', '192.168.1.1', '2026-02-02 18:15:00'),
(4, 104, 'DEV_001', '192.168.1.1', '2026-02-03 09:00:00'),
(5, 105, 'DEV_001', '192.168.1.1', '2026-02-03 20:45:00'),
(6, 110, 'DEV_009', '10.0.0.5', '2026-02-07 11:00:00'),
(7, 111, 'DEV_009', '10.0.0.5', '2026-02-07 11:05:00'),
(8, 112, 'DEV_009', '10.0.0.5', '2026-02-07 11:12:00'),
(9, 120, 'DEV_015', '172.16.0.1', '2026-02-15 14:00:00'),
(10, 120, 'DEV_015', '172.16.0.8', '2026-02-15 14:45:00'),
(11, 120, 'DEV_015', '172.16.1.5', '2026-02-15 15:30:00'),
(12, 106, 'DEV_002', '192.168.1.2', '2026-02-04 12:00:00'),
(13, 107, 'DEV_003', '192.168.1.3', '2026-02-05 13:00:00'),
(14, 108, 'DEV_004', '192.168.1.4', '2026-02-05 14:00:00'),
(15, 109, 'DEV_005', '192.168.1.5', '2026-02-06 15:00:00'),
(16, 113, 'DEV_010', '192.168.1.6', '2026-02-08 16:00:00'),
(17, 114, 'DEV_011', '192.168.1.7', '2026-02-09 17:00:00'),
(18, 115, 'DEV_012', '192.168.1.8', '2026-02-10 18:00:00'),
(19, 116, 'DEV_013', '192.168.1.9', '2026-02-11 19:00:00'),
(20, 117, 'DEV_014', '192.168.1.10', '2026-02-12 20:00:00'),
(21, 118, 'DEV_016', '192.168.1.11', '2026-02-13 21:00:00'),
(22, 119, 'DEV_017', '192.168.1.12', '2026-02-14 22:00:00'),
(23, 121, 'DEV_018', '192.168.1.13', '2026-02-16 08:00:00'),
(24, 122, 'DEV_019', '192.168.1.14', '2026-02-17 09:00:00'),
(25, 123, 'DEV_020', '192.168.1.15', '2026-02-18 10:00:00'),
(26, 124, 'DEV_021', '192.168.1.16', '2026-02-19 11:00:00'),
(27, 125, 'DEV_022', '192.168.1.17', '2026-02-20 12:00:00'),
(28, 126, 'DEV_023', '192.168.1.18', '2026-02-21 13:00:00'),
(29, 127, 'DEV_024', '192.168.1.19', '2026-02-22 14:00:00'),
(30, 128, 'DEV_025', '192.168.1.20', '2026-02-23 15:00:00'),
(31, 129, 'DEV_026', '192.168.1.21', '2026-02-24 16:00:00'),
(32, 130, 'DEV_027', '192.168.1.22', '2026-02-25 17:00:00'),
(33, 131, 'DEV_028', '192.168.1.23', '2026-02-26 18:00:00'),
(34, 132, 'DEV_029', '192.168.1.24', '2026-02-26 19:00:00'),
(35, 133, 'DEV_030', '192.168.1.25', '2026-02-27 20:00:00'),
(36, 134, 'DEV_031', '192.168.1.26', '2026-02-27 21:00:00'),
(37, 135, 'DEV_032', '192.168.1.27', '2026-02-27 22:00:00'),
(38, 106, 'DEV_002', '192.168.1.2', '2026-02-10 12:30:00'),
(39, 107, 'DEV_003', '192.168.1.3', '2026-02-15 19:15:00'),
(40, 114, 'DEV_011', '192.168.1.7', '2026-02-20 08:45:00'),
(41, 125, 'DEV_022', '192.168.1.17', '2026-02-25 14:20:00'),
(42, 126, 'DEV_023', '192.168.1.18', '2026-02-26 11:10:00');


INSERT INTO orders (order_id, user_id, order_date, order_value, promo_code, discount_applied) VALUES
(5001, 101, '2026-02-01', 300.00, 'NEWBIE150', 150.00),
(5002, 102, '2026-02-02', 250.00, 'NEWBIE150', 150.00),
(5003, 103, '2026-02-02', 400.00, 'NEWBIE150', 150.00),
(5004, 104, '2026-02-03', 350.00, 'NEWBIE150', 150.00),
(5005, 105, '2026-02-03', 320.00, 'NEWBIE150', 150.00),
(5006, 110, '2026-02-07', 450.00, 'NEWBIE150', 150.00),
(5007, 111, '2026-02-07', 410.00, 'NEWBIE150', 150.00),
(5008, 112, '2026-02-07', 380.00, 'NEWBIE150', 150.00),
(5009, 120, '2026-02-15', 500.00, 'NEWBIE150', 150.00),
(5010, 106, '2026-02-04', 600.00, 'NEWBIE150', 150.00),
(5011, 106, '2026-02-10', 450.00, NULL, 0.00),
(5012, 107, '2026-02-05', 700.00, 'NEWBIE150', 150.00),
(5013, 107, '2026-02-15', 300.00, NULL, 0.00),
(5014, 114, '2026-02-09', 550.00, 'NEWBIE150', 150.00),
(5015, 114, '2026-02-20', 800.00, NULL, 0.00),
(5016, 108, '2026-02-05', 350.00, NULL, 0.00),
(5017, 109, '2026-02-06', 420.00, 'NEWBIE150', 150.00),
(5018, 113, '2026-02-08', 310.00, NULL, 0.00),
(5019, 115, '2026-02-10', 500.00, 'NEWBIE150', 150.00),
(5020, 116, '2026-02-11', 250.00, NULL, 0.00),
(5021, 117, '2026-02-12', 400.00, 'NEWBIE150', 150.00),
(5022, 118, '2026-02-13', 380.00, NULL, 0.00),
(5023, 119, '2026-02-14', 600.00, 'NEWBIE150', 150.00),
(5024, 121, '2026-02-16', 450.00, NULL, 0.00),
(5025, 122, '2026-02-17', 520.00, 'NEWBIE150', 150.00),
(5026, 123, '2026-02-18', 330.00, NULL, 0.00),
(5027, 124, '2026-02-19', 410.00, 'NEWBIE150', 150.00),
(5028, 125, '2026-02-20', 750.00, 'NEWBIE150', 150.00),
(5029, 125, '2026-02-25', 200.00, NULL, 0.00),
(5030, 126, '2026-02-21', 500.00, 'NEWBIE150', 150.00),
(5031, 126, '2026-02-26', 650.00, NULL, 0.00),
(5032, 127, '2026-02-22', 300.00, NULL, 0.00),
(5033, 128, '2026-02-23', 460.00, 'NEWBIE150', 150.00),
(5034, 129, '2026-02-24', 390.00, NULL, 0.00),
(5035, 130, '2026-02-25', 800.00, 'NEWBIE150', 150.00),
(5036, 131, '2026-02-26', 340.00, NULL, 0.00),
(5037, 132, '2026-02-26', 420.00, 'NEWBIE150', 150.00),
(5038, 133, '2026-02-27', 280.00, NULL, 0.00),
(5039, 134, '2026-02-27', 550.00, 'NEWBIE150', 150.00),
(5040, 135, '2026-02-27', 490.00, NULL, 0.00);
